Workbook

Sheet Tracker
A1: B&W Marketing Technology 2026 — Controle de Projetos
A2: Farol por mercado (BR / MX / AR) · atualize a coluna de status semanalmente · Consumer BPC
A3: Frente | B3: Iniciativa | C3: Item | D3: Fase | E3: BR | F3: MX | G3: AR | H3: Responsável | I3: Próximo passo | J3: Prazo | K3: Comentários
A4: Insights | B4: Winnin | D4: Deployment | E4: No prazo | F4: No prazo | G4: No prazo
A5: Insights | B5: Winnin | D5: Adoption | E5: No prazo | F5: No prazo | G5: Atenção
A6: Insights | B6: 5Vs Dashboard | D6: Deployment | E6: No prazo | F6: No prazo | G6: Não iniciado
A7: Insights | B7: 5Vs Dashboard | D7: Adoption | E7: Crítico | F7: No prazo | G7: Não iniciado
A8: Insights | B8: FIBRA | D8: Deployment | E8: No prazo | F8: N/A | G8: N/A
A9: Insights | B9: FIBRA | D9: Adoption | E9: Crítico | F9: N/A | G9: N/A
A10: Insights | B10: Share and Markets | D10: Deployment | E10: Não iniciado | F10: Não iniciado | G10: Não iniciado
A11: Insights | B11: Share and Markets | D11: Adoption | E11: Não iniciado | F11: Não iniciado | G11: Não iniciado
A12: Media & Influencer | B12: Media Data Automation | D12: Deployment | E12: No prazo | F12: No prazo | G12: No prazo
A13: Media & Influencer | B13: Media Data Automation | D13: Adoption | E13: No prazo | F13: No prazo | G13: No prazo
A14: Media & Influencer | B14: Rapid ROI Always On | D14: Deployment | E14: Atenção | F14: Atenção | G14: Atenção
A15: Media & Influencer | B15: Rapid ROI Always On | D15: Adoption | E15: Não iniciado | F15: Não iniciado | G15: Não iniciado
... A23: dCom and Social Commerce | B23: Social Commerce | D23: Adoption | E23: Não iniciado | F23: Não iniciado | G23: Não iniciado
A24: CoPilot and Agentic | B24: Brands Training | C24: Dove | D24: Status | E24: No prazo | F24: No prazo | G24: No prazo
A25: CoPilot and Agentic | B25: Brands Training | C25: Clear | D25: Status | E25: No prazo | F25: No prazo | G25: No prazo
A26: CoPilot and Agentic | B26: Brands Training | C26: Tresemme | D26: Status | E26: No prazo | F26: No prazo | G26: No prazo
A27: CoPilot and Agentic | B27: Brands Training | C27: Seda / Sedal | D27: Status | E27: No prazo | F27: No prazo | G27: No prazo
A28: CoPilot and Agentic | B28: Brands Training | C28: Savilé | D28: Status | E28: Não iniciado | F28: No prazo | G28: Não iniciado
A29: CoPilot and Agentic | B29: Brands Training | C29: Liquid IV | D29: Status | E29: No prazo | F29: No prazo | G29: No prazo
A30: CoPilot and Agentic | B30: Functions Training | C30: CMI | D30: Status | E30: No prazo | F30: No prazo | G30: No prazo
A31: CoPilot and Agentic | B31: Agents | C31: CMI | D31: Status | E31: No prazo | F31: N/A | G31: N/A
A32: CoPilot and Agentic | B32: Agents | C32: Buzz Factory | D32: Status | E32: Não iniciado | F32: N/A | G32: N/A
A33: CoPilot and Agentic | B33: Winnin Share | D33: Status | E33: Não iniciado | F33: N/A | G33: N/A
A34: LLM Search / GEO | B34: Website Optimization | D34: Deployment | E34: No prazo | F34: No prazo | G34: No prazo
A35: LLM Search / GEO | B35: Website Optimization | D35: Adoption | E35: No prazo | F35: No prazo | G35: No prazo
A36: LLM Search / GEO | B36: R&D Say Agent | D36: Deployment | E36: Atenção | F36: Atenção | G36: Atenção
A37: LLM Search / GEO | B37: R&D Say Agent | D37: Adoption | E37: Não iniciado | F37: Não iniciado | G37: Não iniciado
A38: LLM Search / GEO | B38: Profound Agent | D38: Deployment | E38: Não iniciado | F38: Não iniciado | G38: Não iniciado
A39: LLM Search / GEO | B39: Profound Agent | D39: Adoption | E39: Não iniciado | F39: Não iniciado | G39: Não iniciado
A40: LLM Search / GEO | B40: Repeatable Model | C40: Framework | D40: Framework | E40: Não iniciado | F40: Não iniciado | G40: Não iniciado
A41: Beauty Tech | B41: Immersive Experiences | C41: Unbranded | D41: Status | E41: No prazo | F41: Não iniciado | G41: No prazo
A42: Beauty Tech | B42: Immersive Experiences | C42: Dove | D42: Status | E42: No prazo | F42: Não iniciado | G42: Não iniciado

Sheet Painel
A1: Painel de Saúde — Status por Frente
A3: Frente | B3: No prazo | C3: Atenção | D3: Crítico | E3: Não iniciado | F3: Total ativo | G3: % No prazo | H3: Farol
A4: Insights | B4: =COUNTIFS(Tracker!$A$4:$A$42,$A4,Tracker!$E$4:$E$42,"No prazo")+COUNTIFS(Tracker!$A$4:$A$42,$A4,Tracker!$F$4:$F$42,"No prazo")+COUNTIFS(Tracker!$A$4:$A$42,$A4,Tracker!$G$4:$G$42,"No prazo") -> 9 | C4: =COUNTIFS(Tracker!$A$4:$A$42,$A4,Tracker!$E$4:$E$42,"Atenção")+COUNTIFS(Tracker!$A$4:$A$42,$A4,Tracker!$F$4:$F$42,"Atenção")+COUNTIFS(Tracker!$A$4:$A$42,$A4,Tracker!$G$4:$G$42,"Atenção") -> 1 | D4: =COUNTIFS(Tracker!$A$4:$A$42,$A4,Tracker!$E$4:$E$42,"Crítico")+COUNTIFS(Tracker!$A$4:$A$42,$A4,Tracker!$F$4:$F$42,"Crítico")+COUNTIFS(Tracker!$A$4:$A$42,$A4,Tracker!$G$4:$G$42,"Crítico") -> 2 | E4: =COUNTIFS(Tracker!$A$4:$A$42,$A4,Tracker!$E$4:$E$42,"Não iniciado")+COUNTIFS(Tracker!$A$4:$A$42,$A4,Tracker!$F$4:$F$42,"Não iniciado")+COUNTIFS(Tracker!$A$4:$A$42,$A4,Tracker!$G$4:$G$42,"Não iniciado") -> 8 | F4: =SUM(B4:E4) -> 20 | G4: =IF(F4=0,0,B4/F4) -> 0.45 | H4: =IF(D4>0,"🔴",IF((C4+E4)>B4,"🟡","🟢")) -> 🔴
A5: Media & Influencer | B5: =COUNTIFS(Tracker!$A$4:$A$42,$A5,Tracker!$E$4:$E$42,"No prazo")+COUNTIFS(Tracker!$A$4:$A$42,$A5,Tracker!$F$4:$F$42,"No prazo")+COUNTIFS(Tracker!$A$4:$A$42,$A5,Tracker!$G$4:$G$42,"No prazo") -> 7 | C5: =COUNTIFS(Tracker!$A$4:$A$42,$A5,Tracker!$E$4:$E$42,"Atenção")+COUNTIFS(Tracker!$A$4:$A$42,$A5,Tracker!$F$4:$F$42,"Atenção")+COUNTIFS(Tracker!$A$4:$A$42,$A5,Tracker!$G$4:$G$42,"Atenção") -> 3 | D5: =COUNTIFS(Tracker!$A$4:$A$42,$A5,Tracker!$E$4:$E$42,"Crítico")+COUNTIFS(Tracker!$A$4:$A$42,$A5,Tracker!$F$4:$F$42,"Crítico")+COUNTIFS(Tracker!$A$4:$A$42,$A5,Tracker!$G$4:$G$42,"Crítico") -> 0 | E5: =COUNTIFS(Tracker!$A$4:$A$42,$A5,Tracker!$E$4:$E$42,"Não iniciado")+COUNTIFS(Tracker!$A$4:$A$42,$A5,Tracker!$F$4:$F$42,"Não iniciado")+COUNTIFS(Tracker!$A$4:$A$42,$A5,Tracker!$G$4:$G$42,"Não iniciado") -> 8 | F5: =SUM(B5:E5) -> 18 | G5: =IF(F5=0,0,B5/F5) -> 0.38888889 | H5: =IF(D5>0,"🔴",IF((C5+E5)>B5,"🟡","🟢")) -> 🟡
A6: dCom and Social Commerce | B6: =COUNTIFS(Tracker!$A$4:$A$42,$A6,Tracker!$E$4:$E$42,"No prazo")+COUNTIFS(Tracker!$A$4:$A$42,$A6,Tracker!$F$4:$F$42,"No prazo")+COUNTIFS(Tracker!$A$4:$A$42,$A6,Tracker!$G$4:$G$42,"No prazo") -> 3 | C6: =COUNTIFS(Tracker!$A$4:$A$42,$A6,Tracker!$E$4:$E$42,"Atenção")+COUNTIFS(Tracker!$A$4:$A$42,$A6,Tracker!$F$4:$F$42,"Atenção")+COUNTIFS(Tracker!$A$4:$A$42,$A6,Tracker!$G$4:$G$42,"Atenção") -> 5 | D6: =COUNTIFS(Tracker!$A$4:$A$42,$A6,Tracker!$E$4:$E$42,"Crítico")+COUNTIFS(Tracker!$A$4:$A$42,$A6,Tracker!$F$4:$F$42,"Crítico")+COUNTIFS(Tracker!$A$4:$A$42,$A6,Tracker!$G$4:$G$42,"Crítico") -> 0 | E6: =COUNTIFS(Tracker!$A$4:$A$42,$A6,Tracker!$E$4:$E$42,"Não iniciado")+COUNTIFS(Tracker!$A$4:$A$42,$A6,Tracker!$F$4:$F$42,"Não iniciado")+COUNTIFS(Tracker!$A$4:$A$42,$A6,Tracker!$G$4:$G$42,"Não iniciado") -> 6 | F6: =SUM(B6:E6) -> 14 | G6: =IF(F6=0,0,B6/F6) -> 0.21428571 | H6: =IF(D6>0,"🔴",IF((C6+E6)>B6,"🟡","🟢")) -> 🟡
A7: CoPilot and Agentic | B7: =COUNTIFS(Tracker!$A$4:$A$42,$A7,Tracker!$E$4:$E$42,"No prazo")+COUNTIFS(Tracker!$A$4:$A$42,$A7,Tracker!$F$4:$F$42,"No prazo")+COUNTIFS(Tracker!$A$4:$A$42,$A7,Tracker!$G$4:$G$42,"No prazo") -> 20 | C7: =COUNTIFS(Tracker!$A$4:$A$42,$A7,Tracker!$E$4:$E$42,"Atenção")+COUNTIFS(Tracker!$A$4:$A$42,$A7,Tracker!$F$4:$F$42,"Atenção")+COUNTIFS(Tracker!$A$4:$A$42,$A7,Tracker!$G$4:$G$42,"Atenção") -> 0 | D7: =COUNTIFS(Tracker!$A$4:$A$42,$A7,Tracker!$E$4:$E$42,"Crítico")+COUNTIFS(Tracker!$A$4:$A$42,$A7,Tracker!$F$4:$F$42,"Crítico")+COUNTIFS(Tracker!$A$4:$A$42,$A7,Tracker!$G$4:$G$42,"Crítico") -> 0 | E7: =COUNTIFS(Tracker!$A$4:$A$42,$A7,Tracker!$E$4:$E$42,"Não iniciado")+COUNTIFS(Tracker!$A$4:$A$42,$A7,Tracker!$F$4:$F$42,"Não iniciado")+COUNTIFS(Tracker!$A$4:$A$42,$A7,Tracker!$G$4:$G$42,"Não iniciado") -> 4 | F7: =SUM(B7:E7) -> 24 | G7: =IF(F7=0,0,B7/F7) -> 0.83333333 | H7: =IF(D7>0,"🔴",IF((C7+E7)>B7,"🟡","🟢")) -> 🟢
A8: LLM Search / GEO | B8: =COUNTIFS(Tracker!$A$4:$A$42,$A8,Tracker!$E$4:$E$42,"No prazo")+COUNTIFS(Tracker!$A$4:$A$42,$A8,Tracker!$F$4:$F$42,"No prazo")+COUNTIFS(Tracker!$A$4:$A$42,$A8,Tracker!$G$4:$G$42,"No prazo") -> 6 | C8: =COUNTIFS(Tracker!$A$4:$A$42,$A8,Tracker!$E$4:$E$42,"Atenção")+COUNTIFS(Tracker!$A$4:$A$42,$A8,Tracker!$F$4:$F$42,"Atenção")+COUNTIFS(Tracker!$A$4:$A$42,$A8,Tracker!$G$4:$G$42,"Atenção") -> 3 | D8: =COUNTIFS(Tracker!$A$4:$A$42,$A8,Tracker!$E$4:$E$42,"Crítico")+COUNTIFS(Tracker!$A$4:$A$42,$A8,Tracker!$F$4:$F$42,"Crítico")+COUNTIFS(Tracker!$A$4:$A$42,$A8,Tracker!$G$4:$G$42,"Crítico") -> 0 | E8: =COUNTIFS(Tracker!$A$4:$A$42,$A8,Tracker!$E$4:$E$42,"Não iniciado")+COUNTIFS(Tracker!$A$4:$A$42,$A8,Tracker!$F$4:$F$42,"Não iniciado")+COUNTIFS(Tracker!$A$4:$A$42,$A8,Tracker!$G$4:$G$42,"Não iniciado") -> 12 | F8: =SUM(B8:E8) -> 21 | G8: =IF(F8=0,0,B8/F8) -> 0.28571429 | H8: =IF(D8>0,"🔴",IF((C8+E8)>B8,"🟡","🟢")) -> 🟡
A9: Beauty Tech | B9: =COUNTIFS(Tracker!$A$4:$A$42,$A9,Tracker!$E$4:$E$42,"No prazo")+COUNTIFS(Tracker!$A$4:$A$42,$A9,Tracker!$F$4:$F$42,"No prazo")+COUNTIFS(Tracker!$A$4:$A$42,$A9,Tracker!$G$4:$G$42,"No prazo") -> 3 | C9: =COUNTIFS(Tracker!$A$4:$A$42,$A9,Tracker!$E$4:$E$42,"Atenção")+COUNTIFS(Tracker!$A$4:$A$42,$A9,Tracker!$F$4:$F$42,"Atenção")+COUNTIFS(Tracker!$A$4:$A$42,$A9,Tracker!$G$4:$G$42,"Atenção") -> 0 | D9: =COUNTIFS(Tracker!$A$4:$A$42,$A9,Tracker!$E$4:$E$42,"Crítico")+COUNTIFS(Tracker!$A$4:$A$42,$A9,Tracker!$F$4:$F$42,"Crítico")+COUNTIFS(Tracker!$A$4:$A$42,$A9,Tracker!$G$4:$G$42,"Crítico") -> 0 | E9: =COUNTIFS(Tracker!$A$4:$A$42,$A9,Tracker!$E$4:$E$42,"Não iniciado")+COUNTIFS(Tracker!$A$4:$A$42,$A9,Tracker!$F$4:$F$42,"Não iniciado")+COUNTIFS(Tracker!$A$4:$A$42,$A9,Tracker!$G$4:$G$42,"Não iniciado") -> 3 | F9: =SUM(B9:E9) -> 6 | G9: =IF(F9=0,0,B9/F9) -> 0.5 | H9: =IF(D9>0,"🔴",IF((C9+E9)>B9,"🟡","🟢")) -> 🟢
A10: TOTAL | B10: =SUM(B4:B9) -> 48 | C10: =SUM(C4:C9) -> 12 | D10: =SUM(D4:D9) -> 2 | E10: =SUM(E4:E9) -> 41 | F10: =SUM(F4:F9) -> 103 | G10: =IF(F10=0,0,B10/F10) -> 0.46601942
A12: Obs.: contagem considera as células de status BR+MX+AR de cada frente (exclui N/A). Atualize o Tracker e os números aqui recalculam automaticamente.

Sheet Legenda
A1: Legenda de Status
A3: Status | B3: Significado
A4: No prazo | B4: Entregue / rodando conforme o plano
A5: Atenção | B5: Em andamento com atenção / risco moderado
A6: Crítico | B6: Atrasado ou bloqueado — requer ação
A7: Não iniciado | B7: Ainda não iniciado
A8: N/A | B8: Não se aplica a este mercado
A11: Mercados
A12: BR | B12: Brasil
A13: MX | B13: México
A14: AR | B14: Argentina
